{"{\"strategy\": \"original\", \"random_seed\": 0, \"model_size\": \"small\", \"iteration\": 0}": {"Advantage": {"White Male,Black Male": -2.0056388327915897e-08, "Black Male,White Male": 0.022456964107348654}, "Preference": {"White Male,Black Male": -0.06853386904246417, "Black Male,White Male": 0.06853386904246439}, "Symmetric Difference": 0.022456944050960326, "AUC": 0.8372531627901074}, "{\"strategy\": \"original\", \"random_seed\": 1, \"model_size\": \"small\", \"iteration\": 0}": {"Advantage": {"White Male,Black Male": -1.1102230246251565e-16, "Black Male,White Male": 0.01936015443042416}, "Preference": {"White Male,Black Male": -0.06480996440045184, "Black Male,White Male": 0.06480996440045173}, "Symmetric Difference": 0.019360154430424048, "AUC": 0.8318758915152411}, "{\"strategy\": \"original\", \"random_seed\": 2, \"model_size\": \"small\", \"iteration\": 0}": {"Advantage": {"White Male,Black Male": 0.0025272934348482545, "Black Male,White Male": 0.04092027920089114}, "Preference": {"White Male,Black Male": -0.09285914881765589, "Black Male,White Male": 0.09285914881765589}, "Symmetric Difference": 0.043447572635739395, "AUC": 0.8409305133461011}, "{\"strategy\": \"original\", \"random_seed\": 3, \"model_size\": \"small\", \"iteration\": 0}": {"Advantage": {"White Male,Black Male": 0.0006954943811856573, "Black Male,White Male": 0.06443557362491581}, "Preference": {"White Male,Black Male": -0.1506409126553092, "Black Male,White Male": 0.15064091265530943}, "Symmetric Difference": 0.06513106800610147, "AUC": 0.8325130420323741}, "{\"strategy\": \"original\", \"random_seed\": 4, \"model_size\": \"small\", \"iteration\": 0}": {"Advantage": {"White Male,Black Male": -6.661338147750939e-16, "Black Male,White Male": 0.057861255951535795}, "Preference": {"White Male,Black Male": -0.11500854160706675, "Black Male,White Male": 0.11500854160706675}, "Symmetric Difference": 0.05786125595153513, "AUC": 0.8370423583972814}, "{\"strategy\": \"race-permute\", \"random_seed\": 1, \"model_size\": \"small\", \"iteration\": 0}": {"Advantage": {"White Male,Black Male": 1.731364918100553e-08, "Black Male,White Male": 0.028479928722957015}, "Preference": {"White Male,Black Male": -0.06993199463162969, "Black Male,White Male": 0.06993199463162991}, "Symmetric Difference": 0.028479946036606196, "AUC": 0.834069887245028}, "{\"strategy\": \"race-permute\", \"random_seed\": 2, \"model_size\": \"small\", \"iteration\": 0}": {"Advantage": {"White Male,Black Male": 0.019696066953866387, "Black Male,White Male": 0.005297134094721212}, "Preference": {"White Male,Black Male": -0.02656605770072551, "Black Male,White Male": 0.02656605770072551}, "Symmetric Difference": 0.0249932010485876, "AUC": 0.8365924728161548}, "{\"strategy\": \"race-permute\", \"random_seed\": 3, \"model_size\": \"small\", \"iteration\": 0}": {"Advantage": {"White Male,Black Male": 4.60542967095634e-08}, "Preference": {"White Male,Black Male": -0.11158692581849394}}, "{\"strategy\": \"race-permute\", \"random_seed\": 4, \"model_size\": \"small\", \"iteration\": 0}": {"Advantage": {"White Male,Black Male": 0.0033661457591025457, "Black Male,White Male": 0.021536613483484457}, "Preference": {"White Male,Black Male": -0.06191289953650814, "Black Male,White Male": 0.06191289953650814}, "Symmetric Difference": 0.024902759242587003, "AUC": 0.8345490053336753}, "{\"strategy\": \"original\", \"random_seed\": 0, \"model_size\": \"medium\", \"iteration\": 0}": {"Advantage": {"White Male,Black Male": 0.0007065466492034433, "Black Male,White Male": 0.04356567576919945}, "Preference": {"White Male,Black Male": -0.0832686487208062, "Black Male,White Male": 0.0832686487208062}, "Symmetric Difference": 0.044272222418402896, "AUC": 0.8383748905554075}, "{\"strategy\": \"original\", \"random_seed\": 1, \"model_size\": \"medium\", \"iteration\": 0}": {"Advantage": {"White Male,Black Male": 0.019442702161451053, "Black Male,White Male": 0.006936333687095564}, "Preference": {"White Male,Black Male": -0.015904325193879965, "Black Male,White Male": 0.015904325193879743}, "Symmetric Difference": 0.026379035848546617, "AUC": 0.8351554344554472}, "{\"strategy\": \"original\", \"random_seed\": 2, \"model_size\": \"medium\", \"iteration\": 0}": {"Advantage": {"White Male,Black Male": 0.001681263796325605, "Black Male,White Male": 0.042944841500024866}, "Preference": {"White Male,Black Male": -0.09553027206692599, "Black Male,White Male": 0.09553027206692599}, "Symmetric Difference": 0.04462610529635047, "AUC": 0.8351015648826384}, "{\"strategy\": \"original\", \"random_seed\": 3, \"model_size\": \"medium\", \"iteration\": 0}": {"Advantage": {"White Male,Black Male": 0.006837319167195877, "Black Male,White Male": 0.12230649701742924}, "Preference": {"White Male,Black Male": -0.20384915795319936, "Black Male,White Male": 0.20384915795319947}, "Symmetric Difference": 0.12914381618462512, "AUC": 0.8306274431495921}, "{\"strategy\": \"original\", \"random_seed\": 4, \"model_size\": \"medium\", \"iteration\": 0}": {"Advantage": {"White Male,Black Male": 1.1102230246251565e-15, "Black Male,White Male": 2.4424906541753444e-15}, "Preference": {"White Male,Black Male": -3.0266900097331018e-12, "Black Male,White Male": 3.0266900097331018e-12}, "Symmetric Difference": 3.552713678800501e-15, "AUC": 0.5}, "{\"strategy\": \"race-permute\", \"random_seed\": 0, \"model_size\": \"medium\", \"iteration\": 0}": {"Advantage": {"White Male,Black Male": 0.007397824821961496, "Black Male,White Male": 0.00015194096544590696}, "Preference": {"White Male,Black Male": -0.04355553136007306, "Black Male,White Male": 0.04355553136007306}, "Symmetric Difference": 0.007549765787407403, "AUC": 0.8371823568972299}, "{\"strategy\": \"race-permute\", \"random_seed\": 1, \"model_size\": \"medium\", \"iteration\": 0}": {"Advantage": {"White Male,Black Male": 0.00012232642161180696, "Black Male,White Male": 0.022567329606092867}, "Preference": {"White Male,Black Male": -0.06428397768436145, "Black Male,White Male": 0.06428397768436112}, "Symmetric Difference": 0.022689656027704674, "AUC": 0.831953592384887}, "{\"strategy\": \"race-permute\", \"random_seed\": 2, \"model_size\": \"medium\", \"iteration\": 0}": {"Advantage": {"White Male,Black Male": 0.022519450577641376, "Black Male,White Male": 0.0060509163763624585}, "Preference": {"White Male,Black Male": -0.03869418145421433, "Black Male,White Male": 0.03869418145421444}, "Symmetric Difference": 0.028570366954003834, "AUC": 0.8350743021189038}, "{\"strategy\": \"race-permute\", \"random_seed\": 3, \"model_size\": \"medium\", \"iteration\": 0}": {"Advantage": {"White Male,Black Male": 0.0022380880508995338, "Black Male,White Male": 0.005277883613705403}, "Preference": {"White Male,Black Male": -0.08211565317807257, "Black Male,White Male": 0.08211565317807257}, "Symmetric Difference": 0.007515971664604937, "AUC": 0.8324106490719092}, "{\"strategy\": \"race-permute\", \"random_seed\": 4, \"model_size\": \"medium\", \"iteration\": 0}": {"Advantage": {"White Male,Black Male": 1.9984014443252818e-15, "Black Male,White Male": 1.7763568394002505e-15}, "Preference": {"White Male,Black Male": -3.0260238759183267e-12, "Black Male,White Male": 3.0260238759183267e-12}, "Symmetric Difference": 3.774758283725532e-15, "AUC": 0.5}}